employee_id,first_name,last_name,email,city
1,First1,Last1,user1@example.com,Delhi
2,First2,Last2,user2@example.com,Chennai
3,First3,Last3,user3@example.com,Hyderabad
4,First4,Last4,user4@example.com,Chennai
5,First5,Last5,user5@example.com,Chennai
6,First6,Last6,user6@example.com,Chennai
7,First7,Last7,user7@example.com,Chennai
8,First8,Last8,user8@example.com,Delhi
9,First9,Last9,user9@example.com,Hyderabad
10,First10,Last10,user10@example.com,Pune
11,First11,Last11,user11@example.com,Mumbai
12,First12,Last12,user12@example.com,Mumbai
13,First13,Last13,user13@example.com,Chennai
14,First14,Last14,user14@example.com,Chennai
15,First15,Last15,user15@example.com,Chennai
16,First16,Last16,user16@example.com,Chennai
17,First17,Last17,user17@example.com,Delhi
18,First18,Last18,user18@example.com,Pune
19,First19,Last19,user19@example.com,Chennai
20,First20,Last20,user20@example.com,Mumbai
21,First21,Last21,user21@example.com,Delhi
22,First22,Last22,user22@example.com,Bangalore
23,First23,Last23,user23@example.com,Pune
24,First24,Last24,user24@example.com,Mumbai
25,First25,Last25,user25@example.com,Hyderabad
26,First26,Last26,user26@example.com,Bangalore
27,First27,Last27,user27@example.com,Hyderabad
28,First28,Last28,user28@example.com,Bangalore
29,First29,Last29,user29@example.com,Pune
30,First30,Last30,user30@example.com,Bangalore
31,First31,Last31,user31@example.com,Delhi
32,First32,Last32,user32@example.com,Pune
33,First33,Last33,user33@example.com,Delhi
34,First34,Last34,user34@example.com,Pune
35,First35,Last35,user35@example.com,Mumbai
36,First36,Last36,user36@example.com,Pune
37,First37,Last37,user37@example.com,Bangalore
38,First38,Last38,user38@example.com,Hyderabad
39,First39,Last39,user39@example.com,Pune
40,First40,Last40,user40@example.com,Pune
41,First41,Last41,user41@example.com,Hyderabad
42,First42,Last42,user42@example.com,Chennai
43,First43,Last43,user43@example.com,Chennai
44,First44,Last44,user44@example.com,Pune
45,First45,Last45,user45@example.com,Hyderabad
46,First46,Last46,user46@example.com,Chennai
47,First47,Last47,user47@example.com,Hyderabad
48,First48,Last48,user48@example.com,Delhi
49,First49,Last49,user49@example.com,Pune
50,First50,Last50,user50@example.com,Chennai
